DTemp(Farrenheit),DRain(mm/h),DWindSpeed(knots),DWindDirection(degrees),DVisibility,DCloudCoverage,LTemp(Farrenheit),LRainDRain(mm/h),LWindSpeed(knots),LWindDirection(degrees),LVisibility,LCloudCoverage,B788,B789,A320,A20N,A319,A330,A21N,B772,A333,delta(mins)
55.66,0.0002,2.28,300,6.406,0.74,63.82,0.0011,4.87,341,7.632,0.93,0,0,1,0,0,0,0,0,0,-6
55.66,0.0002,2.28,300,6.406,0.74,63.82,0.0011,4.87,341,7.632,0.93,0,0,0,1,0,0,0,0,0,-2
55.66,0.0002,2.28,300,6.406,0.74,63.82,0.0011,4.87,341,7.632,0.93,0,0,0,0,0,0,1,0,0,0
55.66,0.0002,2.28,300,6.406,0.74,63.82,0.0011,4.87,341,7.632,0.93,0,0,0,0,0,0,1,0,0,0
53.84,0,1.22,7,0.785,0.74,57.05,0,5.21,37,7.616,0.35,0,0,1,0,0,0,0,0,0,-8
53.84,0,1.22,7,0.785,0.74,57.05,0,5.21,37,7.616,0.35,0,0,1,0,0,0,0,0,0,-4
53.84,0,1.22,7,0.785,0.74,57.05,0,5.21,37,7.616,0.35,0,0,1,0,0,0,0,0,0,0
53.84,0,1.22,7,0.785,0.74,57.05,0,5.21,37,7.616,0.35,0,0,0,0,0,0,1,0,0,0
50.35,0,3.35,41,6.454,0.19,58.81,0,5.27,48,7.638,0.4,0,0,0,1,0,0,0,0,0,0
50.35,0,3.35,41,6.454,0.19,58.81,0,5.27,48,7.638,0.4,0,0,1,0,0,0,0,0,0,-2
50.35,0,3.35,41,6.454,0.19,58.81,0,5.27,48,7.638,0.4,0,0,0,0,0,0,1,0,0,0
53.75,0,1.16,357,6.386,0.19,62.07,0,4.97,16,7.616,0.93,0,0,1,0,0,0,0,0,0,0
53.75,0,1.16,357,6.386,0.19,62.07,0,4.97,16,7.616,0.93,0,0,1,0,0,0,0,0,0,0
53.75,0,1.16,357,6.386,0.19,62.07,0,4.97,16,7.616,0.93,0,0,0,0,0,0,1,0,0,0
53.75,0,1.16,357,6.386,0.19,62.07,0,4.97,16,7.616,0.93,0,0,0,0,0,0,1,0,0,0
57.3,0,5.76,60,6.439,0.75,58.59,0,5.72,19,7.616,0.87,0,0,0,0,1,0,0,0,0,-4
57.3,0,5.76,60,6.439,0.75,58.59,0,5.72,19,7.616,0.87,0,0,0,0,1,0,0,0,0,0
57.3,0,5.76,60,6.439,0.75,58.59,0,5.72,19,7.616,0.87,0,0,0,0,0,0,1,0,0,0
57.3,0,5.76,60,6.439,0.75,58.59,0,5.72,19,7.616,0.87,0,0,0,0,0,0,1,0,0,0
46.7,0,4.64,90,6.454,0.43,53.63,0,5.84,20,7.616,0.06,0,0,0,0,1,0,0,0,0,0
46.7,0,4.64,90,6.454,0.43,53.63,0,5.84,20,7.616,0.06,0,0,0,1,0,0,0,0,0,0
46.7,0,4.64,90,6.454,0.43,53.63,0,5.84,20,7.616,0.06,0,0,0,0,0,0,1,0,0,0
50.25,0,2.01,289,6.454,0.52,55.13,0,3.52,347,7.616,0.78,0,0,0,1,0,0,0,0,0,0
50.25,0,2.01,289,6.454,0.52,55.13,0,3.52,347,7.616,0.78,0,0,1,0,0,0,0,0,0,36
50.25,0,2.01,289,6.454,0.52,55.13,0,3.52,347,7.616,0.78,0,0,0,0,0,0,1,0,0,0
50.25,0,2.01,289,6.454,0.52,55.13,0,3.52,347,7.616,0.78,0,0,0,0,0,0,1,0,0,0
59.01,0.001,8,70,6.414,0.75,58.46,0,8.25,13,7.616,0.93,0,0,0,0,1,0,0,0,0,-6
59.01,0.001,8,70,6.414,0.75,58.46,0,8.25,13,7.616,0.93,0,0,1,0,0,0,0,0,0,0
59.01,0.001,8,70,6.414,0.75,58.46,0,8.25,13,7.616,0.93,0,0,0,0,0,0,1,0,0,0
59.01,0.001,8,70,6.414,0.75,58.46,0,8.25,13,7.616,0.93,0,0,0,0,0,0,1,0,0,0
57.3,0.0002,10.18,41,6.44,0.75,56.99,0,6.61,8,7.61,0.93,0,0,1,0,0,0,0,0,0,-8
57.3,0.0002,10.18,41,6.44,0.75,56.99,0,6.61,8,7.61,0.93,0,0,1,0,0,0,0,0,0,-6
57.3,0.0002,10.18,41,6.44,0.75,56.99,0,6.61,8,7.61,0.93,0,0,1,0,0,0,0,0,0,0
57.3,0.0002,10.18,41,6.44,0.75,56.99,0,6.61,8,7.61,0.93,0,0,0,0,0,0,1,0,0,0
57.31,0,7.97,41,6.454,0.75,58.36,0.0004,6.22,37,7.616,0.9,0,0,0,0,1,0,0,0,0,0
57.31,0,7.97,41,6.454,0.75,58.36,0.0004,6.22,37,7.616,0.9,0,0,1,0,0,0,0,0,0,0
57.31,0,7.97,41,6.454,0.75,58.36,0.0004,6.22,37,7.616,0.9,0,0,0,0,0,0,1,0,0,0
50.17,0,5.8,60,6.416,0.2,58.63,0.0004,7.41,48,7.616,0.95,0,0,1,0,0,0,0,0,0,0
50.17,0,5.8,60,6.416,0.2,58.63,0.0004,7.41,48,7.616,0.95,0,0,1,0,0,0,0,0,0,0
50.17,0,5.8,60,6.416,0.2,58.63,0.0004,7.41,48,7.616,0.95,0,0,0,0,0,0,1,0,0,0
50.17,0,5.8,60,6.416,0.2,58.63,0.0004,7.41,48,7.616,0.95,0,0,0,0,0,0,1,0,0,0
46.76,0,6.83,50,6.454,0.74,60.14,0,6.84,49,7.616,0.87,0,0,1,0,0,0,0,0,0,0
46.76,0,6.83,50,6.454,0.74,60.14,0,6.84,49,7.616,0.87,0,0,1,0,0,0,0,0,0,0
46.76,0,6.83,50,6.454,0.74,60.14,0,6.84,49,7.616,0.87,0,0,0,0,0,0,0,1,0,0
46.76,0,6.83,50,6.454,0.74,60.14,0,6.84,49,7.616,0.87,0,0,0,0,0,0,1,0,0,0
46.76,0,6.83,50,6.454,0.74,60.14,0,6.84,49,7.616,0.87,0,0,0,0,0,0,1,0,0,-3
55.58,0,6.81,41,6.421,0.75,58.57,0,5.05,51,7.61,0.64,0,0,0,0,1,0,0,0,0,0
55.58,0,6.81,41,6.421,0.75,58.57,0,5.05,51,7.61,0.64,0,0,0,1,0,0,0,0,0,0
55.58,0,6.81,41,6.421,0.75,58.57,0,5.05,51,7.61,0.64,0,0,0,0,0,0,1,0,0,0
59.17,0.0007,6.91,110,6.354,0.74,57.44,0.0011,6.73,62,7.156,0.7,0,0,0,0,1,0,0,0,0,-8
59.17,0.0007,6.91,110,6.354,0.74,57.44,0.0011,6.73,62,7.156,0.7,0,0,0,1,0,0,0,0,0,0
59.17,0.0007,6.91,110,6.354,0.74,57.44,0.0011,6.73,62,7.156,0.7,0,0,0,0,0,0,1,0,0,0
59.17,0.0007,6.91,110,6.354,0.74,57.44,0.0011,6.73,62,7.156,0.7,0,0,0,0,0,0,1,0,0,0
62.66,0.0003,4.69,210,6.468,0.45,60.83,0,4.61,87,7.525,0.73,0,0,0,0,1,0,0,0,0,0
62.66,0.0003,4.69,210,6.468,0.45,60.83,0,4.61,87,7.525,0.73,0,0,1,0,0,0,0,0,0,-2
62.66,0.0003,4.69,210,6.468,0.45,60.83,0,4.61,87,7.525,0.73,0,0,0,0,0,0,1,0,0,0
62.66,0.0003,4.69,210,6.468,0.45,60.83,0,4.61,87,7.525,0.73,0,0,0,0,0,0,1,0,0,0
55.61,0,4.67,101,2.834,0.2,64.34,0,1.32,191,7.597,0.22,0,0,1,0,0,0,0,0,0,-12
55.61,0,4.67,101,2.834,0.2,64.34,0,1.32,191,7.597,0.22,0,0,0,1,0,0,0,0,0,-4
55.61,0,4.67,101,2.834,0.2,64.34,0,1.32,191,7.597,0.22,0,0,1,0,0,0,0,0,0,0
55.61,0,4.67,101,2.834,0.2,64.34,0,1.32,191,7.597,0.22,0,0,0,0,0,0,1,0,0,0
55.55,0,4.65,12,2.518,0.2,66.13,0,5.96,76,7.606,0.02,0,0,0,0,1,0,0,0,0,0
55.55,0,4.65,12,2.518,0.2,66.13,0,5.96,76,7.606,0.02,0,0,1,0,0,0,0,0,0,-3
55.55,0,4.65,12,2.518,0.2,66.13,0,5.96,76,7.606,0.02,0,0,0,0,0,0,1,0,0,0
60.97,0.0179,4.09,142,3.154,0.75,66.05,0.0054,2.7,216,6.801,0.91,0,0,1,0,0,0,0,0,0,0
60.97,0.0179,4.09,142,3.154,0.75,66.05,0.0054,2.7,216,6.801,0.91,0,0,1,0,0,0,0,0,0,-6
60.97,0.0179,4.09,142,3.154,0.75,66.05,0.0054,2.7,216,6.801,0.91,0,0,0,0,1,0,0,0,0,-5
60.97,0.0179,4.09,142,3.154,0.75,66.05,0.0054,2.7,216,6.801,0.91,0,0,0,0,0,0,1,0,0,0
60.97,0.0179,4.09,142,3.154,0.75,66.05,0.0054,2.7,216,6.801,0.91,0,0,0,0,0,0,1,0,0,0
59.22,0.0019,0.13,145,2.636,0.75,62.58,0.0003,6.52,184,7.521,0.92,0,0,1,0,0,0,0,0,0,0
59.22,0.0019,0.13,145,2.636,0.75,62.58,0.0003,6.52,184,7.521,0.92,0,0,0,0,1,0,0,0,0,0
59.22,0.0019,0.13,145,2.636,0.75,62.58,0.0003,6.52,184,7.521,0.92,0,0,0,0,0,0,1,0,0,0
59.22,0.0019,0.13,145,2.636,0.75,62.58,0.0003,6.52,184,7.521,0.92,0,0,0,0,0,0,1,0,0,0
59.27,0.0004,9.18,260,6.405,0.75,64.14,0.001,7.86,242,7.616,0.95,0,0,1,0,0,0,0,0,0,0
59.27,0.0004,9.18,260,6.405,0.75,64.14,0.001,7.86,242,7.616,0.95,0,0,0,0,1,0,0,0,0,-2
59.27,0.0004,9.18,260,6.405,0.75,64.14,0.001,7.86,242,7.616,0.95,0,0,0,0,0,0,1,0,0,0
53.91,0.0003,7.93,281,6.447,0.76,57.15,0,5.9,241,7.616,0.66,0,0,1,0,0,0,0,0,0,40
53.91,0.0003,7.93,281,6.447,0.76,57.15,0,5.9,241,7.616,0.66,0,0,1,0,0,0,0,0,0,0
53.91,0.0003,7.93,281,6.447,0.76,57.15,0,5.9,241,7.616,0.66,0,0,0,0,0,0,1,0,0,0
53.91,0.0003,7.93,281,6.447,0.76,57.15,0,5.9,241,7.616,0.66,0,0,0,0,0,0,1,0,0,0
45.12,0,3.43,108,6.454,0.44,60.53,0,9.79,89,7.616,0.35,0,0,1,0,0,0,0,0,0,-8
45.12,0,3.43,108,6.454,0.44,60.53,0,9.79,89,7.616,0.35,0,0,1,0,0,0,0,0,0,-4
45.12,0,3.43,108,6.454,0.44,60.53,0,9.79,89,7.616,0.35,0,0,0,0,0,0,1,0,0,0
45.12,0,3.43,108,6.454,0.44,60.53,0,9.79,89,7.616,0.35,0,0,0,0,0,0,1,0,0,0
59.16,0.0008,5.52,149,6.199,0.75,60.49,0.0006,6.78,65,7.616,0.95,0,0,1,0,0,0,0,0,0,-5
59.16,0.0008,5.52,149,6.199,0.75,60.49,0.0006,6.78,65,7.616,0.95,0,0,1,0,0,0,0,0,0,0
59.16,0.0008,5.52,149,6.199,0.75,60.49,0.0006,6.78,65,7.616,0.95,0,0,1,0,0,0,0,0,0,0
59.1,0,3.02,145,6.411,0.75,62.15,0.0004,4.59,323,7.445,0.96,0,0,1,0,0,0,0,0,0,0
59.1,0,3.02,145,6.411,0.75,62.15,0.0004,4.59,323,7.445,0.96,0,0,0,1,0,0,0,0,0,0
59.1,0,3.02,145,6.411,0.75,62.15,0.0004,4.59,323,7.445,0.96,0,0,0,0,0,0,1,0,0,0
55.61,0.0002,7.97,270,6.454,0.74,53.92,0,2.27,271,7.613,0.3,0,0,0,0,0,0,1,0,0,0
55.61,0.0002,7.97,270,6.454,0.74,53.92,0,2.27,271,7.613,0.3,0,0,1,0,0,0,0,0,0,-8
55.61,0.0002,7.97,270,6.454,0.74,53.92,0,2.27,271,7.613,0.3,0,0,0,0,0,0,1,0,0,0
55.61,0.0002,7.97,270,6.454,0.74,53.92,0,2.27,271,7.613,0.3,0,0,0,0,0,0,1,0,0,0
60.9,0,4.96,151,6.42,0.75,57.1,0,2.65,180,7.597,0.82,0,0,1,0,0,0,0,0,0,-3
60.9,0,4.96,151,6.42,0.75,57.1,0,2.65,180,7.597,0.82,0,0,1,0,0,0,0,0,0,0
60.9,0,4.96,151,6.42,0.75,57.1,0,2.65,180,7.597,0.82,0,0,0,0,0,0,1,0,0,0
60.9,0,4.96,151,6.42,0.75,57.1,0,2.65,180,7.597,0.82,0,0,0,0,0,0,1,0,0,0
55.56,0,5.81,251,6.454,0.74,56.89,0,1.93,192,7.57,0.42,0,0,0,1,0,0,0,0,0,0
55.56,0,5.81,251,6.454,0.74,56.89,0,1.93,192,7.57,0.42,0,0,0,0,1,0,0,0,0,-6
55.56,0,5.81,251,6.454,0.74,56.89,0,1.93,192,7.57,0.42,0,0,0,0,0,0,1,0,0,0
55.56,0,5.81,251,6.454,0.74,56.89,0,1.93,192,7.57,0.42,0,0,0,0,0,0,1,0,0,0
55.57,0.0003,5.82,221,6.454,0.75,60.39,0,1.43,23,7.603,0.81,0,0,0,0,1,0,0,0,0,-2
55.57,0.0003,5.82,221,6.454,0.75,60.39,0,1.43,23,7.603,0.81,0,0,1,0,0,0,0,0,0,0
55.57,0.0003,5.82,221,6.454,0.75,60.39,0,1.43,23,7.603,0.81,0,0,0,0,0,0,1,0,0,0
55.57,0.0003,5.82,221,6.454,0.75,60.39,0,1.43,23,7.603,0.81,0,0,1,0,0,0,0,0,0,0
50.25,0,4.79,231,6.454,0.19,57.43,0.0003,5.21,336,7.616,0.94,0,0,0,0,0,0,1,0,0,-5
50.25,0,4.79,231,6.454,0.19,57.43,0.0003,5.21,336,7.616,0.94,0,0,1,0,0,0,0,0,0,0
50.25,0,4.79,231,6.454,0.19,57.43,0.0003,5.21,336,7.616,0.94,0,0,0,0,0,0,1,0,0,0
50.25,0,4.79,231,6.454,0.19,57.43,0.0003,5.21,336,7.616,0.94,0,0,0,0,0,0,1,0,0,0
55.5,0,5.85,260,6.463,0.21,57,0,4.4,357,7.641,0.49,0,0,0,0,1,0,0,0,0,0
55.5,0,5.85,260,6.463,0.21,57,0,4.4,357,7.641,0.49,0,0,1,0,0,0,0,0,0,-8
55.5,0,5.85,260,6.463,0.21,57,0,4.4,357,7.641,0.49,0,0,1,0,0,0,0,0,0,0
57.23,0,6.98,221,6.454,0.99,53.65,0,2.6,209,7.613,0.65,0,0,1,0,0,0,0,0,0,0
57.23,0,6.98,221,6.454,0.99,53.65,0,2.6,209,7.613,0.65,0,0,1,0,0,0,0,0,0,-2
57.23,0,6.98,221,6.454,0.99,53.65,0,2.6,209,7.613,0.65,0,0,0,0,0,0,1,0,0,0
60.99,0.0008,9.43,240,4.067,0.75,53.73,0,6.78,251,7.616,0.37,0,0,1,0,0,0,0,0,0,0
60.99,0.0008,9.43,240,4.067,0.75,53.73,0,6.78,251,7.616,0.37,0,0,1,0,0,0,0,0,0,-8
60.99,0.0008,9.43,240,4.067,0.75,53.73,0,6.78,251,7.616,0.37,0,0,1,0,0,0,0,0,0,0
60.99,0.0008,9.43,240,4.067,0.75,53.73,0,6.78,251,7.616,0.37,0,0,1,0,0,0,0,0,0,0
60.99,0.0008,9.43,240,4.067,0.75,53.73,0,6.78,251,7.616,0.37,0,0,0,0,0,0,1,0,0,0
57.21,0,8.28,230,6.454,0.44,57.25,0,5.76,259,7.6,0.31,0,0,0,1,0,0,0,0,0,-3
57.21,0,8.28,230,6.454,0.44,57.25,0,5.76,259,7.6,0.31,0,0,0,0,1,0,0,0,0,101
57.21,0,8.28,230,6.454,0.44,57.25,0,5.76,259,7.6,0.31,0,0,0,0,0,0,1,0,0,0
57.21,0,8.28,230,6.454,0.44,57.25,0,5.76,259,7.6,0.31,0,0,0,0,0,0,1,0,0,0
61,0,11.32,259,6.461,0.76,61.98,0,4.88,256,7.613,0.45,0,0,0,0,1,0,0,0,0,0
61,0,11.32,259,6.461,0.76,61.98,0,4.88,256,7.613,0.45,0,0,0,1,0,0,0,0,0,117
61,0,11.32,259,6.461,0.76,61.98,0,4.88,256,7.613,0.45,0,0,1,0,0,0,0,0,0,0
61,0,11.32,259,6.461,0.76,61.98,0,4.88,256,7.613,0.45,0,0,0,0,0,0,1,0,0,0
60.95,0.0004,6.01,191,6.333,0.75,55.86,0,1.75,174,5.658,0.98,0,0,1,0,0,0,0,0,0,0
60.95,0.0004,6.01,191,6.333,0.75,55.86,0,1.75,174,5.658,0.98,0,0,0,0,1,0,0,0,0,-11
60.95,0.0004,6.01,191,6.333,0.75,55.86,0,1.75,174,5.658,0.98,0,0,1,0,0,0,0,0,0,0
60.95,0.0004,6.01,191,6.333,0.75,55.86,0,1.75,174,5.658,0.98,0,0,1,0,0,0,0,0,0,0
52.1,0.0253,4.7,102,6.326,0.76,62.22,0,10.32,171,7.111,0.34,0,0,0,0,1,0,0,0,0,0
52.1,0.0253,4.7,102,6.326,0.76,62.22,0,10.32,171,7.111,0.34,0,0,1,0,0,0,0,0,0,0
52.1,0.0253,4.7,102,6.326,0.76,62.22,0,10.32,171,7.111,0.34,0,0,0,0,0,0,1,0,0,0
52.1,0.0253,4.7,102,6.326,0.76,62.22,0,10.32,171,7.111,0.34,0,0,0,0,0,0,1,0,0,0
48.56,0,9.39,210,6.454,0.75,52.04,0,8.17,213,7.616,0.26,0,0,0,0,1,0,0,0,0,-7
48.56,0,9.39,210,6.454,0.75,52.04,0,8.17,213,7.616,0.26,0,0,1,0,0,0,0,0,0,-9
48.56,0,9.39,210,6.454,0.75,52.04,0,8.17,213,7.616,0.26,0,1,0,0,0,0,0,0,0,84
48.56,0,9.39,210,6.454,0.75,52.04,0,8.17,213,7.616,0.26,0,0,1,0,0,0,0,0,0,0
43.19,0,10.43,260,6.454,0.19,53.47,0.0281,10.12,268,6.51,0.9,0,0,0,0,1,0,0,0,0,0
43.19,0,10.43,260,6.454,0.19,53.47,0.0281,10.12,268,6.51,0.9,0,0,1,0,0,0,0,0,0,-9
43.19,0,10.43,260,6.454,0.19,53.47,0.0281,10.12,268,6.51,0.9,0,0,0,0,0,0,1,0,0,-11
50.33,0.02,11.59,199,5.049,0.76,47.69,0,5.63,214,7.616,0.32,0,0,1,0,0,0,0,0,0,0
50.33,0.02,11.59,199,5.049,0.76,47.69,0,5.63,214,7.616,0.32,0,0,1,0,0,0,0,0,0,0
50.33,0.02,11.59,199,5.049,0.76,47.69,0,5.63,214,7.616,0.32,0,0,0,0,1,0,0,0,0,0
50.33,0.02,11.59,199,5.049,0.76,47.69,0,5.63,214,7.616,0.32,0,0,0,0,0,0,1,0,0,0
50.33,0.02,11.59,199,5.049,0.76,47.69,0,5.63,214,7.616,0.32,0,0,0,0,0,0,1,0,0,0
57.45,0.0009,10.61,211,6.454,0.75,59.04,0.0029,14.25,203,7.508,0.99,0,0,0,0,0,0,1,0,0,0
57.45,0.0009,10.61,211,6.454,0.75,59.04,0.0029,14.25,203,7.508,0.99,0,0,0,0,1,0,0,0,0,0
57.45,0.0009,10.61,211,6.454,0.75,59.04,0.0029,14.25,203,7.508,0.99,0,0,0,0,0,0,1,0,0,0
57.45,0.0009,10.61,211,6.454,0.75,59.04,0.0029,14.25,203,7.508,0.99,0,0,0,0,0,0,1,0,0,0
48.56,0,8.33,201,6.454,0.76,47.88,0,5.68,210,7.616,0.67,0,0,1,0,0,0,0,0,0,0
48.56,0,8.33,201,6.454,0.76,47.88,0,5.68,210,7.616,0.67,0,0,1,0,0,0,0,0,0,0
48.56,0,8.33,201,6.454,0.76,47.88,0,5.68,210,7.616,0.67,0,0,0,0,0,0,1,0,0,0
48.56,0,8.33,201,6.454,0.76,47.88,0,5.68,210,7.616,0.67,0,0,0,0,0,0,1,0,0,0
46.66,0,11.59,221,6.454,0.43,53.58,0.0014,10.97,230,7.604,0.99,0,0,1,0,0,0,0,0,0,0
46.66,0,11.59,221,6.454,0.43,53.58,0.0014,10.97,230,7.604,0.99,0,0,1,0,0,0,0,0,0,0
46.66,0,11.59,221,6.454,0.43,53.58,0.0014,10.97,230,7.604,0.99,0,0,0,0,0,0,1,0,0,0
46.66,0,11.59,221,6.454,0.43,53.58,0.0014,10.97,230,7.604,0.99,0,0,1,0,0,0,0,0,0,0
48.5,0,9.28,230,6.454,0.43,51.7,0,9.01,209,7.617,0.08,0,0,0,0,1,0,0,0,0,-4
48.5,0,9.28,230,6.454,0.43,51.7,0,9.01,209,7.617,0.08,0,0,1,0,0,0,0,0,0,-4
48.5,0,9.28,230,6.454,0.43,51.7,0,9.01,209,7.617,0.08,0,0,0,0,0,0,1,0,0,0
48.5,0,9.28,230,6.454,0.43,51.7,0,9.01,209,7.617,0.08,0,0,0,0,0,0,1,0,0,0
48.53,0.0451,13.82,311,6.277,0.76,57,0.0147,15.19,171,7.091,0.78,0,0,0,0,1,0,0,0,0,-11
48.53,0.0451,13.82,311,6.277,0.76,57,0.0147,15.19,171,7.091,0.78,0,0,1,0,0,0,0,0,0,-9
48.53,0.0451,13.82,311,6.277,0.76,57,0.0147,15.19,171,7.091,0.78,0,0,0,0,1,0,0,0,0,-2
48.53,0.0451,13.82,311,6.277,0.76,57,0.0147,15.19,171,7.091,0.78,0,0,1,0,0,0,0,0,0,0
44.92,0,10.41,270,6.468,0.2,51.49,0.0003,14.29,270,7.631,0.49,0,0,0,0,1,0,0,0,0,-5
44.92,0,10.41,270,6.468,0.2,51.49,0.0003,14.29,270,7.631,0.49,0,0,0,0,1,0,0,0,0,-6
44.92,0,10.41,270,6.468,0.2,51.49,0.0003,14.29,270,7.631,0.49,0,0,1,0,0,0,0,0,0,-8
44.92,0,10.41,270,6.468,0.2,51.49,0.0003,14.29,270,7.631,0.49,0,0,1,0,0,0,0,0,0,0
60.95,0,7.2,192,6.458,0.43,53.05,0,5.29,211,7.616,0.74,0,0,0,0,1,0,0,0,0,0
60.95,0,7.2,192,6.458,0.43,53.05,0,5.29,211,7.616,0.74,0,0,1,0,0,0,0,0,0,0
60.95,0,7.2,192,6.458,0.43,53.05,0,5.29,211,7.616,0.74,0,0,1,0,0,0,0,0,0,-4
60.95,0,7.2,192,6.458,0.43,53.05,0,5.29,211,7.616,0.74,0,0,0,0,0,0,1,0,0,0
60.95,0,7.2,192,6.458,0.43,53.05,0,5.29,211,7.616,0.74,0,0,0,0,0,0,1,0,0,0
60.96,0.0036,6.12,171,6.451,0.76,58.39,0,5.17,209,7.536,0.93,0,0,0,1,0,0,0,0,0,0
60.96,0.0036,6.12,171,6.451,0.76,58.39,0,5.17,209,7.536,0.93,0,0,1,0,0,0,0,0,0,0
60.96,0.0036,6.12,171,6.451,0.76,58.39,0,5.17,209,7.536,0.93,0,0,1,0,0,0,0,0,0,33
60.96,0.0036,6.12,171,6.451,0.76,58.39,0,5.17,209,7.536,0.93,0,1,0,0,0,0,0,0,0,-2
60.96,0.0036,6.12,171,6.451,0.76,58.39,0,5.17,209,7.536,0.93,0,0,0,0,0,0,1,0,0,0
60.96,0.0036,6.12,171,6.451,0.76,58.39,0,5.17,209,7.536,0.93,0,0,0,0,0,0,1,0,0,0
60.93,0,13.83,180,6.454,0.76,53.25,0,4.45,97,6.621,0.55,0,0,0,0,1,0,0,0,0,0
60.93,0,13.83,180,6.454,0.76,53.25,0,4.45,97,6.621,0.55,0,0,1,0,0,0,0,0,0,253
60.93,0,13.83,180,6.454,0.76,53.25,0,4.45,97,6.621,0.55,0,0,0,0,0,0,1,0,0,0
60.93,0,13.83,180,6.454,0.76,53.25,0,4.45,97,6.621,0.55,0,0,0,0,0,0,1,0,0,0
46.75,0,8,281,2.581,0.19,49.96,0,2.33,348,6.429,0.89,0,0,1,0,0,0,0,0,0,-5
46.75,0,8,281,2.581,0.19,49.96,0,2.33,348,6.429,0.89,0,0,0,1,0,0,0,0,0,0
46.75,0,8,281,2.581,0.19,49.96,0,2.33,348,6.429,0.89,0,0,0,0,0,0,1,0,0,0
46.75,0,8,281,2.581,0.19,49.96,0,2.33,348,6.429,0.89,0,0,1,0,0,0,0,0,0,-16
44.73,0,9.13,289,6.469,0.45,49.67,0,3.82,318,7.616,0.6,0,0,0,0,1,0,0,0,0,-6
44.73,0,9.13,289,6.469,0.45,49.67,0,3.82,318,7.616,0.6,0,0,1,0,0,0,0,0,0,-6
44.73,0,9.13,289,6.469,0.45,49.67,0,3.82,318,7.616,0.6,0,0,0,0,0,0,1,0,0,0
44.73,0,9.13,289,6.469,0.45,49.67,0,3.82,318,7.616,0.6,0,0,0,0,0,0,1,0,0,0
48.37,0,8.07,270,6.468,0.74,47.92,0,3.66,293,7.615,0.42,0,0,1,0,0,0,0,0,0,-3
48.37,0,8.07,270,6.468,0.74,47.92,0,3.66,293,7.615,0.42,0,0,1,0,0,0,0,0,0,-5
48.37,0,8.07,270,6.468,0.74,47.92,0,3.66,293,7.615,0.42,0,0,1,0,0,0,0,0,0,-3
48.37,0,8.07,270,6.468,0.74,47.92,0,3.66,293,7.615,0.42,0,0,1,0,0,0,0,0,0,0
53.72,0,10.1,270,6.454,0.75,51.67,0,3.41,45,7.614,0.75,0,0,0,0,1,0,0,0,0,-7
53.72,0,10.1,270,6.454,0.75,51.67,0,3.41,45,7.614,0.75,0,0,1,0,0,0,0,0,0,-6
53.72,0,10.1,270,6.454,0.75,51.67,0,3.41,45,7.614,0.75,0,0,0,0,1,0,0,0,0,35
53.72,0,10.1,270,6.454,0.75,51.67,0,3.41,45,7.614,0.75,0,0,0,0,0,0,1,0,0,0
53.51,0.0002,4.79,201,6.454,0.74,51.4,0,1.53,233,5.672,0.23,0,0,0,0,1,0,0,0,0,-2
53.51,0.0002,4.79,201,6.454,0.74,51.4,0,1.53,233,5.672,0.23,0,0,1,0,0,0,0,0,0,-13
53.51,0.0002,4.79,201,6.454,0.74,51.4,0,1.53,233,5.672,0.23,0,0,0,0,1,0,0,0,0,32
53.51,0.0002,4.79,201,6.454,0.74,51.4,0,1.53,233,5.672,0.23,0,0,0,0,0,0,1,0,0,0
53.51,0.0002,4.79,201,6.454,0.74,51.4,0,1.53,233,5.672,0.23,0,0,0,0,0,0,1,0,0,0
53.8,0.0055,8.12,271,4.671,0.99,54.98,0,7.09,243,7.615,0.78,0,0,1,0,0,0,0,0,0,-8
53.8,0.0055,8.12,271,4.671,0.99,54.98,0,7.09,243,7.615,0.78,0,0,0,0,0,0,1,0,0,0
53.8,0.0055,8.12,271,4.671,0.99,54.98,0,7.09,243,7.615,0.78,0,0,0,0,0,0,1,0,0,0
53.8,0.0055,8.12,271,4.671,0.99,54.98,0,7.09,243,7.615,0.78,0,0,0,0,0,0,1,0,0,0
50.28,0.0016,4.66,151,6.453,0.75,47.98,0.0004,2.7,98,7.616,0.77,0,0,1,0,0,0,0,0,0,-4
50.28,0.0016,4.66,151,6.453,0.75,47.98,0.0004,2.7,98,7.616,0.77,0,0,1,0,0,0,0,0,0,157
50.28,0.0016,4.66,151,6.453,0.75,47.98,0.0004,2.7,98,7.616,0.77,0,0,0,0,0,0,1,0,0,0
50.28,0.0016,4.66,151,6.453,0.75,47.98,0.0004,2.7,98,7.616,0.77,0,0,0,0,0,0,1,0,0,0
55.64,0.0031,9.41,200,6.454,0.76,50.04,0,3.51,164,4.417,0.94,0,0,1,0,0,0,0,0,0,-5
55.64,0.0031,9.41,200,6.454,0.76,50.04,0,3.51,164,4.417,0.94,0,0,1,0,0,0,0,0,0,-4
55.64,0.0031,9.41,200,6.454,0.76,50.04,0,3.51,164,4.417,0.94,0,0,0,0,0,0,1,0,0,0
55.64,0.0031,9.41,200,6.454,0.76,50.04,0,3.51,164,4.417,0.94,0,0,1,0,0,0,0,0,0,-3
59.09,0.0013,11.1,176,6.407,0.76,48.42,0,2.76,137,7.421,0.75,0,0,1,0,0,0,0,0,0,-2
59.09,0.0013,11.1,176,6.407,0.76,48.42,0,2.76,137,7.421,0.75,0,0,0,1,0,0,0,0,0,0
59.09,0.0013,11.1,176,6.407,0.76,48.42,0,2.76,137,7.421,0.75,0,0,0,0,0,0,0,1,0,-17
59.09,0.0013,11.1,176,6.407,0.76,48.42,0,2.76,137,7.421,0.75,0,0,0,0,0,0,1,0,0,0
59.09,0.0013,11.1,176,6.407,0.76,48.42,0,2.76,137,7.421,0.75,0,0,0,0,0,0,1,0,0,0
59.15,0,8.39,202,6.453,0.76,60.92,0.0006,7.04,212,5.162,0.99,0,0,0,0,1,0,0,0,0,-4
59.15,0,8.39,202,6.453,0.76,60.92,0.0006,7.04,212,5.162,0.99,0,0,1,0,0,0,0,0,0,-2
59.15,0,8.39,202,6.453,0.76,60.92,0.0006,7.04,212,5.162,0.99,0,0,0,0,1,0,0,0,0,-4
59.15,0,8.39,202,6.453,0.76,60.92,0.0006,7.04,212,5.162,0.99,0,0,1,0,0,0,0,0,0,0
52.07,0.0004,7.11,222,6.466,0.43,60.96,0.0241,13.18,202,2.115,0.99,0,0,0,0,1,0,0,0,0,-5
52.07,0.0004,7.11,222,6.466,0.43,60.96,0.0241,13.18,202,2.115,0.99,0,0,1,0,0,0,0,0,0,-2
52.07,0.0004,7.11,222,6.466,0.43,60.96,0.0241,13.18,202,2.115,0.99,0,0,1,0,0,0,0,0,0,110
52.07,0.0004,7.11,222,6.466,0.43,60.96,0.0241,13.18,202,2.115,0.99,0,0,0,0,0,0,1,0,0,0
46.69,0.0061,20.62,329,6.454,0.75,50.13,0.0967,9.65,343,6.047,0.79,0,0,0,0,1,0,0,0,0,0
46.69,0.0061,20.62,329,6.454,0.75,50.13,0.0967,9.65,343,6.047,0.79,0,0,1,0,0,0,0,0,0,0
46.69,0.0061,20.62,329,6.454,0.75,50.13,0.0967,9.65,343,6.047,0.79,0,0,1,0,0,0,0,0,0,0
46.69,0.0061,20.62,329,6.454,0.75,50.13,0.0967,9.65,343,6.047,0.79,0,0,1,0,0,0,0,0,0,0
46.69,0.0061,20.62,329,6.454,0.75,50.13,0.0967,9.65,343,6.047,0.79,0,0,0,0,0,0,1,0,0,0
44.88,0.0007,10.56,241,6.454,0.74,41.24,0,6.78,270,7.616,0.21,0,0,1,0,0,0,0,0,0,42
44.88,0.0007,10.56,241,6.454,0.74,41.24,0,6.78,270,7.616,0.21,0,0,1,0,0,0,0,0,0,0
44.88,0.0007,10.56,241,6.454,0.74,41.24,0,6.78,270,7.616,0.21,0,0,0,1,0,0,0,0,0,-3
44.88,0.0007,10.56,241,6.454,0.74,41.24,0,6.78,270,7.616,0.21,0,0,0,0,0,0,1,0,0,0
44.88,0.0007,10.56,241,6.454,0.74,41.24,0,6.78,270,7.616,0.21,0,0,0,0,0,0,1,0,0,0
50.16,0,7.02,181,6.454,0.75,50.4,0,4.48,251,7.616,0.39,0,0,0,0,0,0,1,0,0,0
50.16,0,7.02,181,6.454,0.75,50.4,0,4.48,251,7.616,0.39,0,0,1,0,0,0,0,0,0,-2
50.16,0,7.02,181,6.454,0.75,50.4,0,4.48,251,7.616,0.39,0,0,0,0,0,0,0,0,1,0
50.16,0,7.02,181,6.454,0.75,50.4,0,4.48,251,7.616,0.39,0,0,0,0,0,0,1,0,0,0
55.66,0.0177,18.58,180,6.363,0.76,51.62,0,6.19,157,7.616,0.96,0,0,1,0,0,0,0,0,0,0
55.66,0.0177,18.58,180,6.363,0.76,51.62,0,6.19,157,7.616,0.96,0,0,1,0,0,0,0,0,0,0
55.66,0.0177,18.58,180,6.363,0.76,51.62,0,6.19,157,7.616,0.96,0,0,0,0,0,0,1,0,0,0
55.66,0.0177,18.58,180,6.363,0.76,51.62,0,6.19,157,7.616,0.96,0,0,1,0,0,0,0,0,0,0
50.29,0,10.46,221,6.453,0.73,55.03,0.0014,6.04,221,7.615,0.48,0,0,1,0,0,0,0,0,0,44
50.29,0,10.46,221,6.453,0.73,55.03,0.0014,6.04,221,7.615,0.48,0,0,1,0,0,0,0,0,0,-6
50.29,0,10.46,221,6.453,0.73,55.03,0.0014,6.04,221,7.615,0.48,0,0,0,0,0,0,1,0,0,0
50.29,0,10.46,221,6.453,0.73,55.03,0.0014,6.04,221,7.615,0.48,0,0,0,0,0,0,1,0,0,0
50.27,0.0002,8.2,200,6.454,0.76,48.03,0,6.38,203,7.615,0.49,0,0,1,0,0,0,0,0,0,-4
50.27,0.0002,8.2,200,6.454,0.76,48.03,0,6.38,203,7.615,0.49,0,0,1,0,0,0,0,0,0,0
50.27,0.0002,8.2,200,6.454,0.76,48.03,0,6.38,203,7.615,0.49,0,0,0,0,1,0,0,0,0,0
50.27,0.0002,8.2,200,6.454,0.76,48.03,0,6.38,203,7.615,0.49,0,0,1,0,0,0,0,0,0,0
60.95,0.0031,17.44,200,6.46,0.76,58.75,0,10.69,221,7.613,0.97,0,0,0,0,1,0,0,0,0,-2
60.95,0.0031,17.44,200,6.46,0.76,58.75,0,10.69,221,7.613,0.97,0,0,1,0,0,0,0,0,0,-2
60.95,0.0031,17.44,200,6.46,0.76,58.75,0,10.69,221,7.613,0.97,0,0,0,0,1,0,0,0,0,0
60.95,0.0031,17.44,200,6.46,0.76,58.75,0,10.69,221,7.613,0.97,0,0,0,0,0,0,1,0,0,0
59.24,0.0412,6.18,165,5.267,0.76,57.01,0,11.45,191,7.616,0.96,0,0,0,0,1,0,0,0,0,0
59.24,0.0412,6.18,165,5.267,0.76,57.01,0,11.45,191,7.616,0.96,0,0,1,0,0,0,0,0,0,0
59.24,0.0412,6.18,165,5.267,0.76,57.01,0,11.45,191,7.616,0.96,0,0,0,0,1,0,0,0,0,0
59.24,0.0412,6.18,165,5.267,0.76,57.01,0,11.45,191,7.616,0.96,0,0,0,0,0,0,1,0,0,0
59.24,0.0412,6.18,165,5.267,0.76,57.01,0,11.45,191,7.616,0.96,0,0,0,0,0,0,1,0,0,0
50.3,0.0102,5.81,271,6.439,0.76,58.83,0,14.81,181,7.623,0.79,0,0,1,0,0,0,0,0,0,-5
50.3,0.0102,5.81,271,6.439,0.76,58.83,0,14.81,181,7.623,0.79,0,0,1,0,0,0,0,0,0,0
50.3,0.0102,5.81,271,6.439,0.76,58.83,0,14.81,181,7.623,0.79,0,0,0,0,0,0,1,0,0,0
50.3,0.0102,5.81,271,6.439,0.76,58.83,0,14.81,181,7.623,0.79,0,0,0,0,0,0,1,0,0,-5
48.55,0.0041,8.17,221,6.453,0.76,49.97,0.0003,8.12,146,7.613,0.55,0,0,0,0,1,0,0,0,0,0
48.55,0.0041,8.17,221,6.453,0.76,49.97,0.0003,8.12,146,7.613,0.55,0,0,1,0,0,0,0,0,0,-8
48.55,0.0041,8.17,221,6.453,0.76,49.97,0.0003,8.12,146,7.613,0.55,0,0,1,0,0,0,0,0,0,0
48.55,0.0041,8.17,221,6.453,0.76,49.97,0.0003,8.12,146,7.613,0.55,0,0,0,0,0,0,1,0,0,0
52.09,0.0005,20.03,153,6.444,0.75,46.98,0.0043,4.97,161,6.724,0.82,0,0,1,0,0,0,0,0,0,0
52.09,0.0005,20.03,153,6.444,0.75,46.98,0.0043,4.97,161,6.724,0.82,0,0,0,1,0,0,0,0,0,0
52.09,0.0005,20.03,153,6.444,0.75,46.98,0.0043,4.97,161,6.724,0.82,0,0,0,0,1,0,0,0,0,0
52.09,0.0005,20.03,153,6.444,0.75,46.98,0.0043,4.97,161,6.724,0.82,0,0,1,0,0,0,0,0,0,0
52.09,0.0005,20.03,153,6.444,0.75,46.98,0.0043,4.97,161,6.724,0.82,0,0,1,0,0,0,0,0,0,0
52.09,0.0005,20.03,153,6.444,0.75,46.98,0.0043,4.97,161,6.724,0.82,0,0,0,0,0,0,1,0,0,0
52.09,0.0005,20.03,153,6.444,0.75,46.98,0.0043,4.97,161,6.724,0.82,0,0,0,0,0,0,1,0,0,0
52.09,0.0005,20.03,153,6.444,0.75,46.98,0.0043,4.97,161,6.724,0.82,0,0,1,0,0,0,0,0,0,0
52.09,0.0005,20.03,153,6.444,0.75,46.98,0.0043,4.97,161,6.724,0.82,0,0,0,0,0,0,1,0,0,0
52.09,0.0005,20.03,153,6.444,0.75,46.98,0.0043,4.97,161,6.724,0.82,0,0,0,0,0,0,0,0,1,0
46.74,0.0016,22.09,260,6.454,0.75,51.41,0.0053,15.14,222,7.616,0.58,0,0,1,0,0,0,0,0,0,-5
46.74,0.0016,22.09,260,6.454,0.75,51.41,0.0053,15.14,222,7.616,0.58,0,0,1,0,0,0,0,0,0,0
46.74,0.0016,22.09,260,6.454,0.75,51.41,0.0053,15.14,222,7.616,0.58,0,0,0,0,1,0,0,0,0,-5
46.74,0.0016,22.09,260,6.454,0.75,51.41,0.0053,15.14,222,7.616,0.58,0,0,0,0,1,0,0,0,0,-8
46.74,0.0016,22.09,260,6.454,0.75,51.41,0.0053,15.14,222,7.616,0.58,0,0,0,0,1,0,0,0,0,-6
46.74,0.0016,22.09,260,6.454,0.75,51.41,0.0053,15.14,222,7.616,0.58,0,0,0,0,0,0,1,0,0,0
46.74,0.0016,22.09,260,6.454,0.75,51.41,0.0053,15.14,222,7.616,0.58,0,0,0,0,0,0,1,0,0,0
46.74,0.0016,22.09,260,6.454,0.75,51.41,0.0053,15.14,222,7.616,0.58,0,0,0,0,0,0,1,0,0,0
46.74,0.0016,22.09,260,6.454,0.75,51.41,0.0053,15.14,222,7.616,0.58,0,0,1,0,0,0,0,0,0,0
46.74,0.0016,22.09,260,6.454,0.75,51.41,0.0053,15.14,222,7.616,0.58,0,0,0,0,0,0,1,0,0,-11
46.74,0.0016,22.09,260,6.454,0.75,51.41,0.0053,15.14,222,7.616,0.58,0,0,0,0,0,0,0,0,1,0
41.28,0,8.14,240,6.457,0.19,42.63,0,3.57,274,7.621,0.76,0,0,1,0,0,0,0,0,0,-12
41.28,0,8.14,240,6.457,0.19,42.63,0,3.57,274,7.621,0.76,0,0,1,0,0,0,0,0,0,-2
41.28,0,8.14,240,6.457,0.19,42.63,0,3.57,274,7.621,0.76,0,0,1,0,0,0,0,0,0,-6
41.28,0,8.14,240,6.457,0.19,42.63,0,3.57,274,7.621,0.76,0,0,1,0,0,0,0,0,0,-9
41.28,0,8.14,240,6.457,0.19,42.63,0,3.57,274,7.621,0.76,0,0,1,0,0,0,0,0,0,-15
41.28,0,8.14,240,6.457,0.19,42.63,0,3.57,274,7.621,0.76,0,0,0,0,0,0,1,0,0,0
41.28,0,8.14,240,6.457,0.19,42.63,0,3.57,274,7.621,0.76,0,0,0,0,0,0,1,0,0,0
41.28,0,8.14,240,6.457,0.19,42.63,0,3.57,274,7.621,0.76,0,0,0,0,0,0,1,0,0,0
41.28,0,8.14,240,6.457,0.19,42.63,0,3.57,274,7.621,0.76,0,0,0,0,0,0,1,0,0,0
41.28,0,8.14,240,6.457,0.19,42.63,0,3.57,274,7.621,0.76,0,0,0,0,0,0,1,0,0,0
41.28,0,8.14,240,6.457,0.19,42.63,0,3.57,274,7.621,0.76,0,0,0,0,0,0,0,0,1,0
41.31,0.0003,11.46,300,6.471,0.19,37.56,0,2.61,296,7.603,0.3,0,0,1,0,0,0,0,0,0,-16
41.31,0.0003,11.46,300,6.471,0.19,37.56,0,2.61,296,7.603,0.3,0,0,0,1,0,0,0,0,0,36
41.31,0.0003,11.46,300,6.471,0.19,37.56,0,2.61,296,7.603,0.3,0,0,1,0,0,0,0,0,0,0
41.31,0.0003,11.46,300,6.471,0.19,37.56,0,2.61,296,7.603,0.3,0,0,0,0,1,0,0,0,0,-3
41.31,0.0003,11.46,300,6.471,0.19,37.56,0,2.61,296,7.603,0.3,0,0,0,0,0,0,1,0,0,0
41.31,0.0003,11.46,300,6.471,0.19,37.56,0,2.61,296,7.603,0.3,0,0,0,0,0,0,1,0,0,0
41.31,0.0003,11.46,300,6.471,0.19,37.56,0,2.61,296,7.603,0.3,0,0,0,0,0,0,1,0,0,0
41.31,0.0003,11.46,300,6.471,0.19,37.56,0,2.61,296,7.603,0.3,0,0,0,0,0,0,1,0,0,0
41.31,0.0003,11.46,300,6.471,0.19,37.56,0,2.61,296,7.603,0.3,0,0,0,0,0,0,1,0,0,0
41.31,0.0003,11.46,300,6.471,0.19,37.56,0,2.61,296,7.603,0.3,0,0,0,0,0,0,0,0,1,0
39.55,0.0003,10.42,291,6.454,0.43,44.62,0,7.59,349,7.653,0.76,0,0,1,0,0,0,0,0,0,-5
39.55,0.0003,10.42,291,6.454,0.43,44.62,0,7.59,349,7.653,0.76,0,0,1,0,0,0,0,0,0,-2
39.55,0.0003,10.42,291,6.454,0.43,44.62,0,7.59,349,7.653,0.76,0,0,1,0,0,0,0,0,0,0
39.55,0.0003,10.42,291,6.454,0.43,44.62,0,7.59,349,7.653,0.76,0,0,1,0,0,0,0,0,0,-12
39.55,0.0003,10.42,291,6.454,0.43,44.62,0,7.59,349,7.653,0.76,0,0,0,0,1,0,0,0,0,0
39.55,0.0003,10.42,291,6.454,0.43,44.62,0,7.59,349,7.653,0.76,0,0,0,0,0,0,1,0,0,0
39.55,0.0003,10.42,291,6.454,0.43,44.62,0,7.59,349,7.653,0.76,0,0,0,0,0,0,1,0,0,0
39.55,0.0003,10.42,291,6.454,0.43,44.62,0,7.59,349,7.653,0.76,0,0,1,0,0,0,0,0,0,0
39.55,0.0003,10.42,291,6.454,0.43,44.62,0,7.59,349,7.653,0.76,0,0,0,0,0,0,1,0,0,-11
39.55,0.0003,10.42,291,6.454,0.43,44.62,0,7.59,349,7.653,0.76,0,0,0,0,0,0,0,0,1,0
44.72,0,11.35,270,6.454,0.74,39.03,0,5.77,295,7.616,0.1,0,0,1,0,0,0,0,0,0,-4
44.72,0,11.35,270,6.454,0.74,39.03,0,5.77,295,7.616,0.1,0,0,0,1,0,0,0,0,0,0
44.72,0,11.35,270,6.454,0.74,39.03,0,5.77,295,7.616,0.1,0,0,1,0,0,0,0,0,0,-2
44.72,0,11.35,270,6.454,0.74,39.03,0,5.77,295,7.616,0.1,0,0,1,0,0,0,0,0,0,-2
44.72,0,11.35,270,6.454,0.74,39.03,0,5.77,295,7.616,0.1,0,0,1,0,0,0,0,0,0,0
44.72,0,11.35,270,6.454,0.74,39.03,0,5.77,295,7.616,0.1,0,0,0,0,0,0,1,0,0,0
44.72,0,11.35,270,6.454,0.74,39.03,0,5.77,295,7.616,0.1,0,0,0,0,0,0,1,0,0,0
44.72,0,11.35,270,6.454,0.74,39.03,0,5.77,295,7.616,0.1,0,0,0,0,0,0,1,0,0,0
44.72,0,11.35,270,6.454,0.74,39.03,0,5.77,295,7.616,0.1,0,0,1,0,0,0,0,0,0,0
44.72,0,11.35,270,6.454,0.74,39.03,0,5.77,295,7.616,0.1,0,0,0,0,0,0,1,0,0,0
44.72,0,11.35,270,6.454,0.74,39.03,0,5.77,295,7.616,0.1,0,0,0,0,0,0,0,0,1,0
48.37,0,9.26,240,6.456,0.75,47.06,0,5.72,231,7.436,0.94,0,0,1,0,0,0,0,0,0,-12
48.37,0,9.26,240,6.456,0.75,47.06,0,5.72,231,7.436,0.94,0,0,1,0,0,0,0,0,0,-2
48.37,0,9.26,240,6.456,0.75,47.06,0,5.72,231,7.436,0.94,0,0,0,1,0,0,0,0,0,0
48.37,0,9.26,240,6.456,0.75,47.06,0,5.72,231,7.436,0.94,0,0,0,0,1,0,0,0,0,0
48.37,0,9.26,240,6.456,0.75,47.06,0,5.72,231,7.436,0.94,0,0,0,0,1,0,0,0,0,0
48.37,0,9.26,240,6.456,0.75,47.06,0,5.72,231,7.436,0.94,0,0,0,0,0,0,1,0,0,0
48.37,0,9.26,240,6.456,0.75,47.06,0,5.72,231,7.436,0.94,0,0,0,0,0,0,1,0,0,0
48.37,0,9.26,240,6.456,0.75,47.06,0,5.72,231,7.436,0.94,0,0,0,0,0,0,1,0,0,0
48.37,0,9.26,240,6.456,0.75,47.06,0,5.72,231,7.436,0.94,0,0,0,0,0,0,1,0,0,0
46.65,0,15.1,260,6.454,0.43,53.63,0.0015,12.5,252,7.615,0.77,0,0,1,0,0,0,0,0,0,0
46.65,0,15.1,260,6.454,0.43,53.63,0.0015,12.5,252,7.615,0.77,0,0,0,0,1,0,0,0,0,-4
46.65,0,15.1,260,6.454,0.43,53.63,0.0015,12.5,252,7.615,0.77,0,0,0,0,1,0,0,0,0,0
46.65,0,15.1,260,6.454,0.43,53.63,0.0015,12.5,252,7.615,0.77,0,0,0,0,1,0,0,0,0,0
46.65,0,15.1,260,6.454,0.43,53.63,0.0015,12.5,252,7.615,0.77,0,0,1,0,0,0,0,0,0,-3
46.65,0,15.1,260,6.454,0.43,53.63,0.0015,12.5,252,7.615,0.77,0,0,0,0,0,0,1,0,0,0
46.65,0,15.1,260,6.454,0.43,53.63,0.0015,12.5,252,7.615,0.77,0,0,0,0,0,0,1,0,0,0
46.65,0,15.1,260,6.454,0.43,53.63,0.0015,12.5,252,7.615,0.77,0,0,0,0,0,0,1,0,0,0
46.65,0,15.1,260,6.454,0.43,53.63,0.0015,12.5,252,7.615,0.77,0,0,1,0,0,0,0,0,0,0
46.65,0,15.1,260,6.454,0.43,53.63,0.0015,12.5,252,7.615,0.77,0,0,0,0,0,0,1,0,0,0
46.65,0,15.1,260,6.454,0.43,53.63,0.0015,12.5,252,7.615,0.77,0,0,0,0,0,0,0,0,1,0
42.96,0,3.48,192,6.454,0.75,42.59,0,5.91,280,7.616,0.38,0,0,1,0,0,0,0,0,0,-3
42.96,0,3.48,192,6.454,0.75,42.59,0,5.91,280,7.616,0.38,0,0,0,1,0,0,0,0,0,-4
42.96,0,3.48,192,6.454,0.75,42.59,0,5.91,280,7.616,0.38,0,0,1,0,0,0,0,0,0,-3
42.96,0,3.48,192,6.454,0.75,42.59,0,5.91,280,7.616,0.38,0,0,1,0,0,0,0,0,0,0
42.96,0,3.48,192,6.454,0.75,42.59,0,5.91,280,7.616,0.38,0,0,1,0,0,0,0,0,0,0
42.96,0,3.48,192,6.454,0.75,42.59,0,5.91,280,7.616,0.38,0,0,0,0,0,0,1,0,0,0
42.96,0,3.48,192,6.454,0.75,42.59,0,5.91,280,7.616,0.38,0,0,0,0,0,0,1,0,0,0
42.96,0,3.48,192,6.454,0.75,42.59,0,5.91,280,7.616,0.38,0,0,0,0,0,0,1,0,0,0
42.96,0,3.48,192,6.454,0.75,42.59,0,5.91,280,7.616,0.38,0,0,0,0,0,0,1,0,0,0
42.96,0,3.48,192,6.454,0.75,42.59,0,5.91,280,7.616,0.38,0,0,0,0,0,0,1,0,0,-6
42.96,0,3.48,192,6.454,0.75,42.59,0,5.91,280,7.616,0.38,0,0,0,0,0,0,0,0,1,-4
55.6,0,12.85,211,6.456,0.44,53.08,0,4.9,217,7.53,0.97,0,0,1,0,0,0,0,0,0,-6
55.6,0,12.85,211,6.456,0.44,53.08,0,4.9,217,7.53,0.97,0,0,1,0,0,0,0,0,0,0
55.6,0,12.85,211,6.456,0.44,53.08,0,4.9,217,7.53,0.97,0,0,1,0,0,0,0,0,0,-3
55.6,0,12.85,211,6.456,0.44,53.08,0,4.9,217,7.53,0.97,0,0,1,0,0,0,0,0,0,-5
55.6,0,12.85,211,6.456,0.44,53.08,0,4.9,217,7.53,0.97,0,0,1,0,0,0,0,0,0,0
55.6,0,12.85,211,6.456,0.44,53.08,0,4.9,217,7.53,0.97,0,0,0,0,0,0,1,0,0,0
55.6,0,12.85,211,6.456,0.44,53.08,0,4.9,217,7.53,0.97,0,0,1,0,0,0,0,0,0,0
55.6,0,12.85,211,6.456,0.44,53.08,0,4.9,217,7.53,0.97,0,0,0,0,0,0,1,0,0,0
55.6,0,12.85,211,6.456,0.44,53.08,0,4.9,217,7.53,0.97,0,0,1,0,0,0,0,0,0,0
55.6,0,12.85,211,6.456,0.44,53.08,0,4.9,217,7.53,0.97,0,0,0,0,0,0,1,0,0,0
55.6,0,12.85,211,6.456,0.44,53.08,0,4.9,217,7.53,0.97,0,0,0,0,0,0,0,0,1,0
50.25,0.0017,5.89,230,6.411,0.76,48.31,0,5.66,212,7.612,0.69,0,0,1,0,0,0,0,0,0,-10
50.25,0.0017,5.89,230,6.411,0.76,48.31,0,5.66,212,7.612,0.69,0,0,0,1,0,0,0,0,0,-5
50.25,0.0017,5.89,230,6.411,0.76,48.31,0,5.66,212,7.612,0.69,0,0,1,0,0,0,0,0,0,-4
50.25,0.0017,5.89,230,6.411,0.76,48.31,0,5.66,212,7.612,0.69,0,0,0,1,0,0,0,0,0,-17
50.25,0.0017,5.89,230,6.411,0.76,48.31,0,5.66,212,7.612,0.69,0,0,1,0,0,0,0,0,0,-2
50.25,0.0017,5.89,230,6.411,0.76,48.31,0,5.66,212,7.612,0.69,0,0,0,0,0,0,1,0,0,0
50.25,0.0017,5.89,230,6.411,0.76,48.31,0,5.66,212,7.612,0.69,0,0,0,0,0,0,1,0,0,0
50.25,0.0017,5.89,230,6.411,0.76,48.31,0,5.66,212,7.612,0.69,0,0,0,0,0,0,1,0,0,0
50.25,0.0017,5.89,230,6.411,0.76,48.31,0,5.66,212,7.612,0.69,0,0,0,0,0,0,1,0,0,0
50.25,0.0017,5.89,230,6.411,0.76,48.31,0,5.66,212,7.612,0.69,0,0,0,0,0,0,0,0,1,0
48.36,0.0002,4.68,171,6.454,0.76,53.15,0,3.49,230,6.512,0.77,0,0,1,0,0,0,0,0,0,0
48.36,0.0002,4.68,171,6.454,0.76,53.15,0,3.49,230,6.512,0.77,0,0,1,0,0,0,0,0,0,0
48.36,0.0002,4.68,171,6.454,0.76,53.15,0,3.49,230,6.512,0.77,0,0,1,0,0,0,0,0,0,0
48.36,0.0002,4.68,171,6.454,0.76,53.15,0,3.49,230,6.512,0.77,0,0,1,0,0,0,0,0,0,-9
48.36,0.0002,4.68,171,6.454,0.76,53.15,0,3.49,230,6.512,0.77,0,0,0,1,0,0,0,0,0,-3
48.36,0.0002,4.68,171,6.454,0.76,53.15,0,3.49,230,6.512,0.77,0,0,0,0,0,0,1,0,0,0
48.36,0.0002,4.68,171,6.454,0.76,53.15,0,3.49,230,6.512,0.77,0,0,0,0,0,0,1,0,0,0
48.36,0.0002,4.68,171,6.454,0.76,53.15,0,3.49,230,6.512,0.77,0,0,0,0,0,0,1,0,0,0
48.36,0.0002,4.68,171,6.454,0.76,53.15,0,3.49,230,6.512,0.77,0,0,0,0,0,0,1,0,0,0
48.36,0.0002,4.68,171,6.454,0.76,53.15,0,3.49,230,6.512,0.77,0,0,0,0,0,0,0,0,1,0
53.93,0.0041,15.11,200,6.453,0.74,45.32,0,6.14,190,7.588,0.5,0,0,1,0,0,0,0,0,0,0
53.93,0.0041,15.11,200,6.453,0.74,45.32,0,6.14,190,7.588,0.5,0,0,0,0,1,0,0,0,0,0
53.93,0.0041,15.11,200,6.453,0.74,45.32,0,6.14,190,7.588,0.5,0,0,1,0,0,0,0,0,0,-3
53.93,0.0041,15.11,200,6.453,0.74,45.32,0,6.14,190,7.588,0.5,0,0,1,0,0,0,0,0,0,-10
53.93,0.0041,15.11,200,6.453,0.74,45.32,0,6.14,190,7.588,0.5,0,0,1,0,0,0,0,0,0,-7
53.93,0.0041,15.11,200,6.453,0.74,45.32,0,6.14,190,7.588,0.5,0,0,0,0,0,0,1,0,0,-3
53.93,0.0041,15.11,200,6.453,0.74,45.32,0,6.14,190,7.588,0.5,0,0,0,0,0,0,1,0,0,0
53.93,0.0041,15.11,200,6.453,0.74,45.32,0,6.14,190,7.588,0.5,0,0,0,0,0,0,1,0,0,0
53.93,0.0041,15.11,200,6.453,0.74,45.32,0,6.14,190,7.588,0.5,0,0,1,0,0,0,0,0,0,0
53.93,0.0041,15.11,200,6.453,0.74,45.32,0,6.14,190,7.588,0.5,0,0,0,0,0,0,1,0,0,0
53.93,0.0041,15.11,200,6.453,0.74,45.32,0,6.14,190,7.588,0.5,0,0,0,0,0,0,0,0,1,0
50.09,0,21.63,270,6.454,0.75,53.29,0.0014,10.5,255,7.616,0.93,0,0,0,0,1,0,0,0,0,-4
50.09,0,21.63,270,6.454,0.75,53.29,0.0014,10.5,255,7.616,0.93,0,0,1,0,0,0,0,0,0,0
50.09,0,21.63,270,6.454,0.75,53.29,0.0014,10.5,255,7.616,0.93,0,0,1,0,0,0,0,0,0,-5
50.09,0,21.63,270,6.454,0.75,53.29,0.0014,10.5,255,7.616,0.93,0,0,0,1,0,0,0,0,0,-9
50.09,0,21.63,270,6.454,0.75,53.29,0.0014,10.5,255,7.616,0.93,0,0,0,0,1,0,0,0,0,0
50.09,0,21.63,270,6.454,0.75,53.29,0.0014,10.5,255,7.616,0.93,0,0,0,0,0,0,1,0,0,0
50.09,0,21.63,270,6.454,0.75,53.29,0.0014,10.5,255,7.616,0.93,0,0,0,0,0,0,1,0,0,0
50.09,0,21.63,270,6.454,0.75,53.29,0.0014,10.5,255,7.616,0.93,0,0,1,0,0,0,0,0,0,0
50.09,0,21.63,270,6.454,0.75,53.29,0.0014,10.5,255,7.616,0.93,0,0,0,0,0,0,1,0,0,0
53.72,0.0009,1.21,359,6.454,0.75,51.17,0,5.24,325,7.616,0.97,0,0,1,0,0,0,0,0,0,0
53.72,0.0009,1.21,359,6.454,0.75,51.17,0,5.24,325,7.616,0.97,0,0,0,1,0,0,0,0,0,0
53.72,0.0009,1.21,359,6.454,0.75,51.17,0,5.24,325,7.616,0.97,0,0,0,0,1,0,0,0,0,-4
53.72,0.0009,1.21,359,6.454,0.75,51.17,0,5.24,325,7.616,0.97,0,0,1,0,0,0,0,0,0,-2
53.72,0.0009,1.21,359,6.454,0.75,51.17,0,5.24,325,7.616,0.97,0,0,1,0,0,0,0,0,0,0
53.72,0.0009,1.21,359,6.454,0.75,51.17,0,5.24,325,7.616,0.97,0,0,0,0,0,0,1,0,0,0
53.72,0.0009,1.21,359,6.454,0.75,51.17,0,5.24,325,7.616,0.97,0,0,0,0,0,0,1,0,0,-3
53.72,0.0009,1.21,359,6.454,0.75,51.17,0,5.24,325,7.616,0.97,0,0,0,0,0,0,1,0,0,0
53.72,0.0009,1.21,359,6.454,0.75,51.17,0,5.24,325,7.616,0.97,0,0,1,0,0,0,0,0,0,-2
53.72,0.0009,1.21,359,6.454,0.75,51.17,0,5.24,325,7.616,0.97,0,0,0,0,0,0,1,0,0,-2
53.72,0.0009,1.21,359,6.454,0.75,51.17,0,5.24,325,7.616,0.97,0,0,0,0,0,0,0,0,1,0
52.06,0.0016,5.95,228,6.46,0.75,51.04,0.0002,3.31,38,7.611,0.9,0,0,0,0,1,0,0,0,0,33
52.06,0.0016,5.95,228,6.46,0.75,51.04,0.0002,3.31,38,7.611,0.9,0,0,0,1,0,0,0,0,0,0
52.06,0.0016,5.95,228,6.46,0.75,51.04,0.0002,3.31,38,7.611,0.9,0,0,1,0,0,0,0,0,0,-8
52.06,0.0016,5.95,228,6.46,0.75,51.04,0.0002,3.31,38,7.611,0.9,0,0,1,0,0,0,0,0,0,0
52.06,0.0016,5.95,228,6.46,0.75,51.04,0.0002,3.31,38,7.611,0.9,0,0,0,0,1,0,0,0,0,-11
52.06,0.0016,5.95,228,6.46,0.75,51.04,0.0002,3.31,38,7.611,0.9,0,0,0,0,0,0,1,0,0,0
52.06,0.0016,5.95,228,6.46,0.75,51.04,0.0002,3.31,38,7.611,0.9,0,0,0,0,0,0,1,0,0,-3
52.06,0.0016,5.95,228,6.46,0.75,51.04,0.0002,3.31,38,7.611,0.9,0,0,0,0,0,0,1,0,0,0
52.06,0.0016,5.95,228,6.46,0.75,51.04,0.0002,3.31,38,7.611,0.9,0,0,0,0,0,0,1,0,0,0
52.06,0.0016,5.95,228,6.46,0.75,51.04,0.0002,3.31,38,7.611,0.9,0,0,1,0,0,0,0,0,0,0
52.06,0.0016,5.95,228,6.46,0.75,51.04,0.0002,3.31,38,7.611,0.9,0,0,0,0,0,0,0,0,1,0
46.48,0,4.75,229,6.454,0.75,43.78,0,3.24,313,7.506,0.67,0,0,1,0,0,0,0,0,0,-7
46.48,0,4.75,229,6.454,0.75,43.78,0,3.24,313,7.506,0.67,0,0,1,0,0,0,0,0,0,-6
46.48,0,4.75,229,6.454,0.75,43.78,0,3.24,313,7.506,0.67,0,0,1,0,0,0,0,0,0,-10
46.48,0,4.75,229,6.454,0.75,43.78,0,3.24,313,7.506,0.67,0,0,1,0,0,0,0,0,0,-2
46.48,0,4.75,229,6.454,0.75,43.78,0,3.24,313,7.506,0.67,0,0,0,0,0,0,1,0,0,-4
46.48,0,4.75,229,6.454,0.75,43.78,0,3.24,313,7.506,0.67,0,0,0,0,0,0,1,0,0,0
46.48,0,4.75,229,6.454,0.75,43.78,0,3.24,313,7.506,0.67,0,0,1,0,0,0,0,0,0,0
46.48,0,4.75,229,6.454,0.75,43.78,0,3.24,313,7.506,0.67,0,0,0,0,0,0,1,0,0,0
46.48,0,4.75,229,6.454,0.75,43.78,0,3.24,313,7.506,0.67,0,0,1,0,0,0,0,0,0,-5
46.48,0,4.75,229,6.454,0.75,43.78,0,3.24,313,7.506,0.67,0,0,0,0,0,0,1,0,0,0
46.48,0,4.75,229,6.454,0.75,43.78,0,3.24,313,7.506,0.67,0,0,0,0,0,0,0,0,1,0
46.63,0,9.35,251,6.454,0.44,47.92,0,5.78,243,7.585,0.7,0,0,1,0,0,0,0,0,0,-2
46.63,0,9.35,251,6.454,0.44,47.92,0,5.78,243,7.585,0.7,0,0,1,0,0,0,0,0,0,-4
46.63,0,9.35,251,6.454,0.44,47.92,0,5.78,243,7.585,0.7,0,0,1,0,0,0,0,0,0,-4
46.63,0,9.35,251,6.454,0.44,47.92,0,5.78,243,7.585,0.7,0,0,1,0,0,0,0,0,0,-13
46.63,0,9.35,251,6.454,0.44,47.92,0,5.78,243,7.585,0.7,0,0,1,0,0,0,0,0,0,0
46.63,0,9.35,251,6.454,0.44,47.92,0,5.78,243,7.585,0.7,0,0,0,0,0,0,1,0,0,0
46.63,0,9.35,251,6.454,0.44,47.92,0,5.78,243,7.585,0.7,0,0,0,0,0,0,1,0,0,0
46.63,0,9.35,251,6.454,0.44,47.92,0,5.78,243,7.585,0.7,0,0,0,0,0,0,1,0,0,0
46.63,0,9.35,251,6.454,0.44,47.92,0,5.78,243,7.585,0.7,0,0,0,0,0,0,1,0,0,0
46.63,0,9.35,251,6.454,0.44,47.92,0,5.78,243,7.585,0.7,0,0,0,0,0,0,0,0,1,0
51.93,0.0005,22.13,3,6.454,0.75,41.12,0,4.76,220,7.616,0.92,0,0,1,0,0,0,0,0,0,43
51.93,0.0005,22.13,3,6.454,0.75,41.12,0,4.76,220,7.616,0.92,0,0,1,0,0,0,0,0,0,38
51.93,0.0005,22.13,3,6.454,0.75,41.12,0,4.76,220,7.616,0.92,0,0,1,0,0,0,0,0,0,-13
51.93,0.0005,22.13,3,6.454,0.75,41.12,0,4.76,220,7.616,0.92,0,0,1,0,0,0,0,0,0,-3
51.93,0.0005,22.13,3,6.454,0.75,41.12,0,4.76,220,7.616,0.92,0,0,0,0,1,0,0,0,0,-11
51.93,0.0005,22.13,3,6.454,0.75,41.12,0,4.76,220,7.616,0.92,0,0,0,0,0,0,1,0,0,0
51.93,0.0005,22.13,3,6.454,0.75,41.12,0,4.76,220,7.616,0.92,0,0,0,0,0,0,1,0,0,-11
51.93,0.0005,22.13,3,6.454,0.75,41.12,0,4.76,220,7.616,0.92,0,0,0,0,0,0,1,0,0,0
51.93,0.0005,22.13,3,6.454,0.75,41.12,0,4.76,220,7.616,0.92,0,0,0,0,0,0,1,0,0,0
51.93,0.0005,22.13,3,6.454,0.75,41.12,0,4.76,220,7.616,0.92,0,0,0,0,0,0,0,0,1,0
53.69,0,10.41,240,6.457,0.74,51.44,0,6.01,244,7.616,0.73,0,0,1,0,0,0,0,0,0,0
53.69,0,10.41,240,6.457,0.74,51.44,0,6.01,244,7.616,0.73,0,0,0,1,0,0,0,0,0,0
53.69,0,10.41,240,6.457,0.74,51.44,0,6.01,244,7.616,0.73,0,0,1,0,0,0,0,0,0,0
53.69,0,10.41,240,6.457,0.74,51.44,0,6.01,244,7.616,0.73,0,0,1,0,0,0,0,0,0,0
53.69,0,10.41,240,6.457,0.74,51.44,0,6.01,244,7.616,0.73,0,0,1,0,0,0,0,0,0,0
53.69,0,10.41,240,6.457,0.74,51.44,0,6.01,244,7.616,0.73,0,0,0,0,0,0,1,0,0,0
53.69,0,10.41,240,6.457,0.74,51.44,0,6.01,244,7.616,0.73,0,0,0,0,0,0,1,0,0,0
53.69,0,10.41,240,6.457,0.74,51.44,0,6.01,244,7.616,0.73,0,0,1,0,0,0,0,0,0,-2
53.69,0,10.41,240,6.457,0.74,51.44,0,6.01,244,7.616,0.73,0,0,1,0,0,0,0,0,0,0
53.69,0,10.41,240,6.457,0.74,51.44,0,6.01,244,7.616,0.73,0,0,0,0,0,0,1,0,0,-7
53.69,0,10.41,240,6.457,0.74,51.44,0,6.01,244,7.616,0.73,0,0,0,0,0,0,0,0,1,0
49.96,0,6.01,230,6.454,0.74,50.79,0,4.47,185,7.554,0.89,0,0,1,0,0,0,0,0,0,-5
49.96,0,6.01,230,6.454,0.74,50.79,0,4.47,185,7.554,0.89,0,0,0,0,0,0,1,0,0,-6
49.96,0,6.01,230,6.454,0.74,50.79,0,4.47,185,7.554,0.89,0,0,1,0,0,0,0,0,0,-6
49.96,0,6.01,230,6.454,0.74,50.79,0,4.47,185,7.554,0.89,0,0,0,1,0,0,0,0,0,-6
49.96,0,6.01,230,6.454,0.74,50.79,0,4.47,185,7.554,0.89,0,0,0,0,1,0,0,0,0,0
49.96,0,6.01,230,6.454,0.74,50.79,0,4.47,185,7.554,0.89,0,0,0,0,0,0,1,0,0,0
49.96,0,6.01,230,6.454,0.74,50.79,0,4.47,185,7.554,0.89,0,0,0,0,0,0,1,0,0,0
49.96,0,6.01,230,6.454,0.74,50.79,0,4.47,185,7.554,0.89,0,0,1,0,0,0,0,0,0,0
49.96,0,6.01,230,6.454,0.74,50.79,0,4.47,185,7.554,0.89,0,0,0,0,0,0,1,0,0,-7
37.8,0.0002,9.27,300,6.454,0.43,47.77,0,7.12,293,7.616,0.74,0,0,1,0,0,0,0,0,0,33
37.8,0.0002,9.27,300,6.454,0.43,47.77,0,7.12,293,7.616,0.74,0,0,0,0,0,0,1,0,0,0
37.8,0.0002,9.27,300,6.454,0.43,47.77,0,7.12,293,7.616,0.74,0,0,1,0,0,0,0,0,0,0
37.8,0.0002,9.27,300,6.454,0.43,47.77,0,7.12,293,7.616,0.74,0,0,0,0,1,0,0,0,0,-9
37.8,0.0002,9.27,300,6.454,0.43,47.77,0,7.12,293,7.616,0.74,0,0,1,0,0,0,0,0,0,0
37.8,0.0002,9.27,300,6.454,0.43,47.77,0,7.12,293,7.616,0.74,0,0,0,0,0,0,1,0,0,0
37.8,0.0002,9.27,300,6.454,0.43,47.77,0,7.12,293,7.616,0.74,0,0,0,0,0,0,1,0,0,0
37.8,0.0002,9.27,300,6.454,0.43,47.77,0,7.12,293,7.616,0.74,0,0,0,0,0,0,1,0,0,0
37.8,0.0002,9.27,300,6.454,0.43,47.77,0,7.12,293,7.616,0.74,0,0,1,0,0,0,0,0,0,0
37.8,0.0002,9.27,300,6.454,0.43,47.77,0,7.12,293,7.616,0.74,0,0,0,0,0,0,1,0,0,0
37.8,0.0002,9.27,300,6.454,0.43,47.77,0,7.12,293,7.616,0.74,0,0,0,0,0,0,0,0,1,0
34.25,0,10.24,330,6.427,0.19,39.5,0,8.03,11,7.616,0.43,0,0,0,1,0,0,0,0,0,0
34.25,0,10.24,330,6.427,0.19,39.5,0,8.03,11,7.616,0.43,0,0,0,1,0,0,0,0,0,-6
34.25,0,10.24,330,6.427,0.19,39.5,0,8.03,11,7.616,0.43,0,0,1,0,0,0,0,0,0,-4
34.25,0,10.24,330,6.427,0.19,39.5,0,8.03,11,7.616,0.43,0,0,1,0,0,0,0,0,0,0
34.25,0,10.24,330,6.427,0.19,39.5,0,8.03,11,7.616,0.43,0,0,0,0,1,0,0,0,0,-12
34.25,0,10.24,330,6.427,0.19,39.5,0,8.03,11,7.616,0.43,1,0,0,0,0,0,0,0,0,0
34.25,0,10.24,330,6.427,0.19,39.5,0,8.03,11,7.616,0.43,0,0,0,0,0,0,1,0,0,0
34.25,0,10.24,330,6.427,0.19,39.5,0,8.03,11,7.616,0.43,0,0,0,0,0,0,1,0,0,0
34.25,0,10.24,330,6.427,0.19,39.5,0,8.03,11,7.616,0.43,0,0,0,0,0,0,1,0,0,0
34.25,0,10.24,330,6.427,0.19,39.5,0,8.03,11,7.616,0.43,0,0,0,0,0,0,1,0,0,0
34.25,0,10.24,330,6.427,0.19,39.5,0,8.03,11,7.616,0.43,0,0,0,0,0,0,1,0,0,0
34.25,0,10.24,330,6.427,0.19,39.5,0,8.03,11,7.616,0.43,0,0,0,0,0,0,0,0,1,0
32.22,0,6.88,289,6.454,0.44,39.07,0,3.9,12,7.565,0.53,0,0,1,0,0,0,0,0,0,-2
32.22,0,6.88,289,6.454,0.44,39.07,0,3.9,12,7.565,0.53,0,0,1,0,0,0,0,0,0,0
32.22,0,6.88,289,6.454,0.44,39.07,0,3.9,12,7.565,0.53,0,0,1,0,0,0,0,0,0,-7
32.22,0,6.88,289,6.454,0.44,39.07,0,3.9,12,7.565,0.53,0,0,0,1,0,0,0,0,0,0
32.22,0,6.88,289,6.454,0.44,39.07,0,3.9,12,7.565,0.53,0,0,1,0,0,0,0,0,0,-11
32.22,0,6.88,289,6.454,0.44,39.07,0,3.9,12,7.565,0.53,0,0,0,0,0,0,1,0,0,0
32.22,0,6.88,289,6.454,0.44,39.07,0,3.9,12,7.565,0.53,0,0,1,0,0,0,0,0,0,0
32.22,0,6.88,289,6.454,0.44,39.07,0,3.9,12,7.565,0.53,0,0,0,0,0,0,1,0,0,0
32.22,0,6.88,289,6.454,0.44,39.07,0,3.9,12,7.565,0.53,0,0,0,0,0,0,1,0,0,0
32.22,0,6.88,289,6.454,0.44,39.07,0,3.9,12,7.565,0.53,0,0,0,0,0,0,1,0,0,0
32.22,0,6.88,289,6.454,0.44,39.07,0,3.9,12,7.565,0.53,0,0,0,0,0,0,0,0,1,0
40.96,0,5.93,231,6.454,0.74,38.63,0,0.63,339,6.381,0.9,0,0,1,0,0,0,0,0,0,0
40.96,0,5.93,231,6.454,0.74,38.63,0,0.63,339,6.381,0.9,0,0,1,0,0,0,0,0,0,0
40.96,0,5.93,231,6.454,0.74,38.63,0,0.63,339,6.381,0.9,0,0,1,0,0,0,0,0,0,0
40.96,0,5.93,231,6.454,0.74,38.63,0,0.63,339,6.381,0.9,0,0,0,1,0,0,0,0,0,0
40.96,0,5.93,231,6.454,0.74,38.63,0,0.63,339,6.381,0.9,0,0,0,0,1,0,0,0,0,0
40.96,0,5.93,231,6.454,0.74,38.63,0,0.63,339,6.381,0.9,0,0,0,0,0,0,1,0,0,0
40.96,0,5.93,231,6.454,0.74,38.63,0,0.63,339,6.381,0.9,0,0,0,0,0,0,1,0,0,0
40.96,0,5.93,231,6.454,0.74,38.63,0,0.63,339,6.381,0.9,0,0,0,0,0,0,1,0,0,0
40.96,0,5.93,231,6.454,0.74,38.63,0,0.63,339,6.381,0.9,0,0,0,0,0,0,1,0,0,0
40.96,0,5.93,231,6.454,0.74,38.63,0,0.63,339,6.381,0.9,0,0,0,0,0,1,0,0,0,0
